Id;Nom_Fichier;Site_Web;Date_Creation;Date_Modification;Date_ingestion;Taille_Fichier
1;.DS_Store;2023-04-18 21:00:36;2023-04-15 13:59:03;2023-04-30 20:46:44;6148 KO
2;13546-INFO-EMP-LINKEDIN-FR-1599984246.html;LINKEDIN;2023-04-18 21:00:38;2023-04-30 17:27:29;2023-04-30 20:46:44;155445 KO
3;13547-INFO-EMP-LINKEDIN-FR-1519694389.html;LINKEDIN;2023-04-18 21:00:36;2023-04-30 17:27:29;2023-04-30 20:46:44;130062 KO
4;13548-INFO-EMP-LINKEDIN-FR-1638675310.html;LINKEDIN;2023-04-18 21:00:38;2023-04-30 17:27:29;2023-04-30 20:46:44;151526 KO
5;13549-INFO-EMP-LINKEDIN-FR-1638763250.html;LINKEDIN;2023-04-18 21:00:37;2023-04-30 17:27:29;2023-04-30 20:46:44;153901 KO
6;13550-INFO-EMP-LINKEDIN-FR-1573133460.html;LINKEDIN;2023-04-18 21:00:37;2023-04-30 17:27:29;2023-04-30 20:46:44;135621 KO
7;13551-INFO-EMP-LINKEDIN-FR-1602929951.html;LINKEDIN;2023-04-18 21:00:37;2023-04-30 17:27:29;2023-04-30 20:46:44;120828 KO
8;13552-INFO-EMP-LINKEDIN-FR-1599166885.html;LINKEDIN;2023-04-18 21:00:37;2023-04-30 17:27:29;2023-04-30 20:46:44;86803 KO
9;13553-INFO-EMP-LINKEDIN-FR-1566950259.html;LINKEDIN;2023-04-18 21:00:37;2023-04-30 17:27:29;2023-04-30 20:46:44;211491 KO
10;13554-INFO-EMP-LINKEDIN-FR-1634138009.html;LINKEDIN;2023-04-18 21:00:36;2023-04-30 17:27:29;2023-04-30 20:46:44;117960 KO
11;13555-INFO-EMP-LINKEDIN-FR-1602837931.html;LINKEDIN;2023-04-18 21:00:38;2023-04-30 17:27:29;2023-04-30 20:46:44;179989 KO
12;13556-INFO-EMP-LINKEDIN-FR-1637899355.html;LINKEDIN;2023-04-18 21:00:37;2023-04-30 17:27:29;2023-04-30 20:46:44;144672 KO
13;13557-INFO-EMP-LINKEDIN-FR-1644582626.html;LINKEDIN;2023-04-18 21:00:37;2023-04-30 17:27:29;2023-04-30 20:46:44;44300 KO
14;13558-INFO-EMP-LINKEDIN-FR-1610492058.html;LINKEDIN;2023-04-18 21:00:38;2023-04-30 17:27:29;2023-04-30 20:46:44;126308 KO
15;13559-INFO-EMP-LINKEDIN-FR-1637893990.html;LINKEDIN;2023-04-18 21:00:37;2023-04-30 17:27:29;2023-04-30 20:46:44;124064 KO
16;13560-INFO-EMP-LINKEDIN-FR-1624194180.html;LINKEDIN;2023-04-18 21:00:37;2023-04-30 17:27:29;2023-04-30 20:46:44;135863 KO
17;13561-INFO-EMP-LINKEDIN-FR-1390703995.html;LINKEDIN;2023-04-18 21:00:37;2023-04-30 17:27:29;2023-04-30 20:46:44;128712 KO
18;13562-INFO-EMP-LINKEDIN-FR-1451077490.html;LINKEDIN;2023-04-18 21:00:38;2023-04-30 17:27:29;2023-04-30 20:46:44;124581 KO
19;13563-INFO-EMP-LINKEDIN-FR-1578578508.html;LINKEDIN;2023-04-18 21:00:37;2023-04-30 17:27:30;2023-04-30 20:46:44;140949 KO
20;13564-INFO-EMP-LINKEDIN-FR-1638814150.html;LINKEDIN;2023-04-18 21:00:36;2023-04-30 17:27:30;2023-04-30 20:46:44;125029 KO
21;13565-INFO-EMP-LINKEDIN-FR-1450797712.html;LINKEDIN;2023-04-18 21:00:37;2023-04-30 17:27:30;2023-04-30 20:46:44;129285 KO
22;13566-INFO-EMP-LINKEDIN-FR-1613358196.html;LINKEDIN;2023-04-18 21:00:37;2023-04-30 17:27:30;2023-04-30 20:46:44;133557 KO
23;13567-INFO-EMP-LINKEDIN-FR-1602713384.html;LINKEDIN;2023-04-18 21:00:38;2023-04-30 17:27:30;2023-04-30 20:46:44;127637 KO
24;13568-INFO-EMP-LINKEDIN-FR-1608609400.html;LINKEDIN;2023-04-18 21:00:38;2023-04-30 17:27:30;2023-04-30 20:46:44;121163 KO
25;13569-INFO-EMP-LINKEDIN-FR-1647106383.html;LINKEDIN;2023-04-18 21:00:37;2023-04-30 17:27:30;2023-04-30 20:46:44;33943 KO
26;13570-INFO-EMP-LINKEDIN-FR-1589595331.html;LINKEDIN;2023-04-18 21:00:38;2023-04-30 17:27:30;2023-04-30 20:46:44;90330 KO
27;13571-INFO-EMP-LINKEDIN-FR-1583080186.html;LINKEDIN;2023-04-18 21:00:37;2023-04-30 17:27:30;2023-04-30 20:46:44;127969 KO
28;13572-INFO-EMP-LINKEDIN-FR-1602644857.html;LINKEDIN;2023-04-18 21:00:38;2023-04-30 17:27:30;2023-04-30 20:46:44;120909 KO
29;13573-INFO-EMP-LINKEDIN-FR-1602929951.html;LINKEDIN;2023-04-18 21:00:37;2023-04-30 17:27:30;2023-04-30 20:46:44;120825 KO
30;13574-INFO-EMP-LINKEDIN-FR-1634138009.html;LINKEDIN;2023-04-18 21:00:36;2023-04-30 17:27:30;2023-04-30 20:46:44;119405 KO
31;13575-INFO-EMP-LINKEDIN-FR-1647449074.html;LINKEDIN;2023-04-18 21:00:38;2023-04-30 17:27:30;2023-04-30 20:46:44;31655 KO
32;13576-INFO-EMP-LINKEDIN-FR-1451979173.html;LINKEDIN;2023-04-18 21:00:38;2023-04-30 17:27:30;2023-04-30 20:46:44;117863 KO
33;13577-INFO-EMP-LINKEDIN-FR-1646255443.html;LINKEDIN;2023-04-18 21:00:36;2023-04-30 17:27:30;2023-04-30 20:46:44;72379 KO
34;13578-INFO-EMP-LINKEDIN-FR-1637893990.html;LINKEDIN;2023-04-18 21:00:38;2023-04-30 17:27:30;2023-04-30 20:46:44;125480 KO
35;13579-INFO-EMP-LINKEDIN-FR-1596016475.html;LINKEDIN;2023-04-18 21:00:38;2023-04-30 17:27:30;2023-04-30 20:46:44;197848 KO
36;13580-INFO-EMP-LINKEDIN-FR-1623044159.html;LINKEDIN;2023-04-18 21:00:38;2023-04-30 17:27:30;2023-04-30 20:46:44;78634 KO
37;13581-INFO-EMP-LINKEDIN-FR-1524820953.html;LINKEDIN;2023-04-18 21:00:37;2023-04-30 17:27:30;2023-04-30 20:46:44;91727 KO
38;13582-INFO-EMP-LINKEDIN-FR-1611007803.html;LINKEDIN;2023-04-18 21:00:37;2023-04-30 17:27:30;2023-04-30 20:46:44;156662 KO
39;13583-INFO-EMP-LINKEDIN-FR-1602843522.html;LINKEDIN;2023-04-18 21:00:36;2023-04-30 17:27:30;2023-04-30 20:46:44;90212 KO
40;13584-INFO-EMP-LINKEDIN-FR-1599955384.html;LINKEDIN;2023-04-18 21:00:37;2023-04-30 17:27:30;2023-04-30 20:46:44;187702 KO
41;13585-INFO-EMP-LINKEDIN-FR-1450683034.html;LINKEDIN;2023-04-18 21:00:38;2023-04-30 17:27:30;2023-04-30 20:46:44;106487 KO
42;13586-INFO-EMP-LINKEDIN-FR-1559602447.html;LINKEDIN;2023-04-18 21:00:38;2023-04-30 17:27:30;2023-04-30 20:46:44;121172 KO
43;13587-INFO-EMP-LINKEDIN-FR-1595877705.html;LINKEDIN;2023-04-18 21:00:37;2023-04-30 17:27:30;2023-04-30 20:46:44;137531 KO
44;13588-INFO-EMP-LINKEDIN-FR-1489228239.html;LINKEDIN;2023-04-18 21:00:37;2023-04-30 17:27:30;2023-04-30 20:46:44;154602 KO
45;13589-INFO-EMP-LINKEDIN-FR-1572087526.html;LINKEDIN;2023-04-18 21:00:37;2023-04-30 17:27:30;2023-04-30 20:46:44;92862 KO
46;13590-INFO-EMP-LINKEDIN-FR-1465461379.html;LINKEDIN;2023-04-18 21:00:38;2023-04-30 17:27:30;2023-04-30 20:46:44;134003 KO
47;13591-INFO-EMP-LINKEDIN-FR-1497557216.html;LINKEDIN;2023-04-18 21:00:38;2023-04-30 17:27:30;2023-04-30 20:46:44;151902 KO
48;13592-INFO-EMP-LINKEDIN-FR-1487734181.html;LINKEDIN;2023-04-18 21:00:37;2023-04-30 17:27:30;2023-04-30 20:46:44;92514 KO
49;13593-INFO-EMP-LINKEDIN-FR-1566347092.html;LINKEDIN;2023-04-18 21:00:37;2023-04-30 17:27:30;2023-04-30 20:46:44;87190 KO
50;13594-INFO-EMP-LINKEDIN-FR-1604015381.html;LINKEDIN;2023-04-18 21:00:37;2023-04-30 17:27:30;2023-04-30 20:46:44;91354 KO
51;13595-INFO-EMP-LINKEDIN-FR-1617285899.html;LINKEDIN;2023-04-18 21:00:37;2023-04-30 17:27:30;2023-04-30 20:46:44;85820 KO
52;13596-INFO-EMP-LINKEDIN-FR-1555990361.html;LINKEDIN;2023-04-18 21:00:37;2023-04-30 17:27:30;2023-04-30 20:46:44;151174 KO
53;13597-INFO-EMP-LINKEDIN-FR-1096203262.html;LINKEDIN;2023-04-18 21:00:36;2023-04-30 17:27:30;2023-04-30 20:46:44;162404 KO
54;13598-INFO-EMP-LINKEDIN-FR-1640330606.html;LINKEDIN;2023-04-18 21:00:37;2023-04-30 17:27:30;2023-04-30 20:46:44;151495 KO
55;13599-INFO-EMP-LINKEDIN-FR-1624194363.html;LINKEDIN;2023-04-18 21:00:37;2023-04-30 17:27:30;2023-04-30 20:46:44;91998 KO
56;13600-INFO-EMP-LINKEDIN-FR-1451233659.html;LINKEDIN;2023-04-18 21:00:38;2023-04-30 17:27:30;2023-04-30 20:46:44;149889 KO
57;13601-INFO-EMP-LINKEDIN-FR-1628385746.html;LINKEDIN;2023-04-18 21:00:38;2023-04-30 17:27:30;2023-04-30 20:46:44;154906 KO
58;13602-INFO-EMP-LINKEDIN-FR-1612979912.html;LINKEDIN;2023-04-18 21:00:38;2023-04-30 17:27:30;2023-04-30 20:46:44;156503 KO
59;13603-INFO-EMP-LINKEDIN-FR-1564375879.html;LINKEDIN;2023-04-18 21:00:37;2023-04-30 17:27:30;2023-04-30 20:46:44;149871 KO
60;13604-INFO-EMP-LINKEDIN-FR-1604818595.html;LINKEDIN;2023-04-18 21:00:36;2023-04-30 17:27:30;2023-04-30 20:46:44;135639 KO
61;13605-INFO-EMP-LINKEDIN-FR-1617151191.html;LINKEDIN;2023-04-18 21:00:38;2023-04-30 17:27:30;2023-04-30 20:46:44;200152 KO
62;13606-INFO-EMP-LINKEDIN-FR-1569839108.html;LINKEDIN;2023-04-18 21:00:36;2023-04-30 17:27:30;2023-04-30 20:46:44;179304 KO
63;13607-INFO-EMP-LINKEDIN-FR-1559672806.html;LINKEDIN;2023-04-18 21:00:36;2023-04-30 17:27:30;2023-04-30 20:46:44;144647 KO
64;13608-INFO-EMP-LINKEDIN-FR-1618663471.html;LINKEDIN;2023-04-18 21:00:37;2023-04-30 17:27:30;2023-04-30 20:46:44;87198 KO
65;13609-INFO-EMP-LINKEDIN-FR-1582122565.html;LINKEDIN;2023-04-18 21:00:37;2023-04-30 17:27:30;2023-04-30 20:46:44;197061 KO
66;13610-INFO-EMP-LINKEDIN-FR-1582189165.html;LINKEDIN;2023-04-18 21:00:37;2023-04-30 17:27:30;2023-04-30 20:46:44;144512 KO
67;13611-INFO-EMP-LINKEDIN-FR-1331158524.html;LINKEDIN;2023-04-18 21:00:37;2023-04-30 17:27:30;2023-04-30 20:46:44;151461 KO
68;13612-INFO-EMP-LINKEDIN-FR-1643430162.html;LINKEDIN;2023-04-18 21:00:38;2023-04-30 17:27:30;2023-04-30 20:46:44;87951 KO
69;13613-INFO-EMP-LINKEDIN-FR-1437100470.html;LINKEDIN;2023-04-18 21:00:37;2023-04-30 17:27:30;2023-04-30 20:46:44;153313 KO
70;13614-INFO-EMP-LINKEDIN-FR-1589592999.html;LINKEDIN;2023-04-18 21:00:37;2023-04-30 17:27:30;2023-04-30 20:46:44;80103 KO
71;13615-INFO-EMP-LINKEDIN-FR-1636623683.html;LINKEDIN;2023-04-18 21:00:38;2023-04-30 17:27:30;2023-04-30 20:46:44;124236 KO
72;13616-INFO-EMP-LINKEDIN-FR-1607807811.html;LINKEDIN;2023-04-18 21:00:37;2023-04-30 17:27:30;2023-04-30 20:46:44;103142 KO
73;13617-INFO-EMP-LINKEDIN-FR-1566352908.html;LINKEDIN;2023-04-18 21:00:36;2023-04-30 17:27:30;2023-04-30 20:46:44;133692 KO
74;13618-INFO-EMP-LINKEDIN-FR-1605797277.html;LINKEDIN;2023-04-18 21:00:37;2023-04-30 17:27:30;2023-04-30 20:46:44;110116 KO
75;13619-INFO-EMP-LINKEDIN-FR-1452023237.html;LINKEDIN;2023-04-18 21:00:37;2023-04-30 17:27:30;2023-04-30 20:46:44;115616 KO
76;13620-INFO-EMP-LINKEDIN-FR-1557974215.html;LINKEDIN;2023-04-18 21:00:36;2023-04-30 17:27:30;2023-04-30 20:46:44;91215 KO
77;13621-INFO-EMP-LINKEDIN-FR-1598812999.html;LINKEDIN;2023-04-18 21:00:38;2023-04-30 17:27:30;2023-04-30 20:46:44;122420 KO
78;13622-INFO-EMP-LINKEDIN-FR-1580548729.html;LINKEDIN;2023-04-18 21:00:38;2023-04-30 17:27:30;2023-04-30 20:46:44;92645 KO
79;13623-INFO-EMP-LINKEDIN-FR-1624707100.html;LINKEDIN;2023-04-18 21:00:38;2023-04-30 17:27:30;2023-04-30 20:46:44;68409 KO
80;13624-INFO-EMP-LINKEDIN-FR-1644712187.html;LINKEDIN;2023-04-18 21:00:38;2023-04-30 17:27:30;2023-04-30 20:46:44;93815 KO
81;13625-INFO-EMP-LINKEDIN-FR-1626444838.html;LINKEDIN;2023-04-18 21:00:38;2023-04-30 17:27:30;2023-04-30 20:46:44;150999 KO
82;13626-INFO-EMP-LINKEDIN-FR-1611186233.html;LINKEDIN;2023-04-18 21:00:38;2023-04-30 17:27:30;2023-04-30 20:46:44;141850 KO
83;13627-INFO-EMP-LINKEDIN-FR-1325714075.html;LINKEDIN;2023-04-18 21:00:36;2023-04-30 17:27:30;2023-04-30 20:46:44;164874 KO
84;13628-INFO-EMP-LINKEDIN-FR-1599908905.html;LINKEDIN;2023-04-18 21:00:37;2023-04-30 17:27:31;2023-04-30 20:46:44;143371 KO
85;13629-INFO-EMP-LINKEDIN-FR-1586991262.html;LINKEDIN;2023-04-18 21:00:38;2023-04-30 17:27:31;2023-04-30 20:46:44;150713 KO
86;13630-INFO-EMP-LINKEDIN-FR-1609025951.html;LINKEDIN;2023-04-18 21:00:36;2023-04-30 17:27:31;2023-04-30 20:46:44;142544 KO
87;13631-INFO-EMP-LINKEDIN-FR-1538177251.html;LINKEDIN;2023-04-18 21:00:36;2023-04-30 17:27:31;2023-04-30 20:46:44;142830 KO
88;13632-INFO-EMP-LINKEDIN-FR-1535829222.html;LINKEDIN;2023-04-18 21:00:37;2023-04-30 17:27:31;2023-04-30 20:46:44;149408 KO
89;13633-INFO-EMP-LINKEDIN-FR-1595461423.html;LINKEDIN;2023-04-18 21:00:36;2023-04-30 17:27:31;2023-04-30 20:46:44;209079 KO
90;13634-INFO-EMP-LINKEDIN-FR-1607857216.html;LINKEDIN;2023-04-18 21:00:37;2023-04-30 17:27:31;2023-04-30 20:46:44;93753 KO
91;13635-INFO-EMP-LINKEDIN-FR-1566376616.html;LINKEDIN;2023-04-18 21:00:37;2023-04-30 17:27:31;2023-04-30 20:46:44;188280 KO
92;13636-INFO-EMP-LINKEDIN-FR-1546359534.html;LINKEDIN;2023-04-18 21:00:38;2023-04-30 17:27:31;2023-04-30 20:46:44;212619 KO
93;13637-INFO-EMP-LINKEDIN-FR-1626518610.html;LINKEDIN;2023-04-18 21:00:37;2023-04-30 17:27:31;2023-04-30 20:46:44;91298 KO
94;13638-INFO-EMP-LINKEDIN-FR-1509131671.html;LINKEDIN;2023-04-18 21:00:37;2023-04-30 17:27:31;2023-04-30 20:46:44;200893 KO
95;13639-INFO-EMP-LINKEDIN-FR-1575149544.html;LINKEDIN;2023-04-18 21:00:36;2023-04-30 17:27:31;2023-04-30 20:46:44;200578 KO
96;13640-INFO-EMP-LINKEDIN-FR-1640330076.html;LINKEDIN;2023-04-18 21:00:37;2023-04-30 17:27:31;2023-04-30 20:46:44;148241 KO
97;13641-INFO-EMP-LINKEDIN-FR-1609505290.html;LINKEDIN;2023-04-18 21:00:37;2023-04-30 17:27:31;2023-04-30 20:46:44;45988 KO
98;13642-INFO-EMP-LINKEDIN-FR-1589534520.html;LINKEDIN;2023-04-18 21:00:36;2023-04-30 17:27:31;2023-04-30 20:46:44;207862 KO
99;13643-INFO-EMP-LINKEDIN-FR-1572466931.html;LINKEDIN;2023-04-18 21:00:36;2023-04-30 17:27:31;2023-04-30 20:46:44;201431 KO
100;13644-INFO-EMP-LINKEDIN-FR-1589529874.html;LINKEDIN;2023-04-18 21:00:38;2023-04-30 17:27:31;2023-04-30 20:46:44;207290 KO
101;13645-INFO-EMP-LINKEDIN-FR-1613335492.html;LINKEDIN;2023-04-18 21:00:37;2023-04-30 17:27:31;2023-04-30 20:46:44;150447 KO
102;13646-INFO-EMP-LINKEDIN-FR-1599903216.html;LINKEDIN;2023-04-18 21:00:38;2023-04-30 17:27:31;2023-04-30 20:46:44;190996 KO
103;13647-INFO-EMP-LINKEDIN-FR-1607874932.html;LINKEDIN;2023-04-18 21:00:36;2023-04-30 17:27:31;2023-04-30 20:46:44;100943 KO
104;13648-INFO-EMP-LINKEDIN-FR-1644396429.html;LINKEDIN;2023-04-18 21:00:38;2023-04-30 17:27:31;2023-04-30 20:46:44;196444 KO
105;13649-INFO-EMP-LINKEDIN-FR-1602629908.html;LINKEDIN;2023-04-18 21:00:37;2023-04-30 17:27:31;2023-04-30 20:46:44;126151 KO
106;13650-INFO-EMP-LINKEDIN-FR-1586966832.html;LINKEDIN;2023-04-18 21:00:37;2023-04-30 17:27:31;2023-04-30 20:46:44;151343 KO
107;13651-INFO-EMP-LINKEDIN-FR-1602795809.html;LINKEDIN;2023-04-18 21:00:38;2023-04-30 17:27:31;2023-04-30 20:46:44;133830 KO
108;13652-INFO-EMP-LINKEDIN-FR-1602923328.html;LINKEDIN;2023-04-18 21:00:37;2023-04-30 17:27:31;2023-04-30 20:46:44;148263 KO
109;13653-INFO-EMP-LINKEDIN-FR-1599900563.html;LINKEDIN;2023-04-18 21:00:37;2023-04-30 17:27:31;2023-04-30 20:46:44;148745 KO
110;13654-INFO-EMP-LINKEDIN-FR-1599900656.html;LINKEDIN;2023-04-18 21:00:36;2023-04-30 17:27:31;2023-04-30 20:46:44;196308 KO
111;13655-INFO-EMP-LINKEDIN-FR-1583070005.html;LINKEDIN;2023-04-18 21:00:38;2023-04-30 17:27:31;2023-04-30 20:46:44;138889 KO
112;13656-INFO-EMP-LINKEDIN-FR-1582174574.html;LINKEDIN;2023-04-18 21:00:38;2023-04-30 17:27:31;2023-04-30 20:46:44;141064 KO
113;13657-INFO-EMP-LINKEDIN-FR-1599221020.html;LINKEDIN;2023-04-18 21:00:36;2023-04-30 17:27:31;2023-04-30 20:46:44;184752 KO
114;13658-INFO-EMP-LINKEDIN-FR-1582187354.html;LINKEDIN;2023-04-18 21:00:38;2023-04-30 17:27:31;2023-04-30 20:46:44;142294 KO
115;13659-INFO-EMP-LINKEDIN-FR-1622604073.html;LINKEDIN;2023-04-18 21:00:36;2023-04-30 17:27:31;2023-04-30 20:46:44;145757 KO
116;13660-INFO-EMP-LINKEDIN-FR-1589527645.html;LINKEDIN;2023-04-18 21:00:38;2023-04-30 17:27:31;2023-04-30 20:46:44;80732 KO
117;13661-INFO-EMP-LINKEDIN-FR-1616553459.html;LINKEDIN;2023-04-18 21:00:38;2023-04-30 17:27:31;2023-04-30 20:46:44;128218 KO
118;13662-INFO-EMP-LINKEDIN-FR-1645674770.html;LINKEDIN;2023-04-18 21:00:37;2023-04-30 17:27:31;2023-04-30 20:46:44;91140 KO
119;13663-INFO-EMP-LINKEDIN-FR-1608545171.html;LINKEDIN;2023-04-18 21:00:37;2023-04-30 17:27:31;2023-04-30 20:46:44;133633 KO
120;13664-INFO-EMP-LINKEDIN-FR-1608842426.html;LINKEDIN;2023-04-18 21:00:38;2023-04-30 17:27:31;2023-04-30 20:46:44;111737 KO
121;13665-INFO-EMP-LINKEDIN-FR-1611024126.html;LINKEDIN;2023-04-18 21:00:36;2023-04-30 17:27:31;2023-04-30 20:46:44;148017 KO
122;13666-INFO-EMP-LINKEDIN-FR-1617992097.html;LINKEDIN;2023-04-18 21:00:37;2023-04-30 17:27:31;2023-04-30 20:46:44;135490 KO
123;13667-INFO-EMP-LINKEDIN-FR-1564431807.html;LINKEDIN;2023-04-18 21:00:37;2023-04-30 17:27:31;2023-04-30 20:46:44;127557 KO
124;13668-INFO-EMP-LINKEDIN-FR-1550369256.html;LINKEDIN;2023-04-18 21:00:37;2023-04-30 17:27:31;2023-04-30 20:46:44;129874 KO
125;13669-INFO-EMP-LINKEDIN-FR-1465801732.html;LINKEDIN;2023-04-18 21:00:38;2023-04-30 17:27:31;2023-04-30 20:46:44;148297 KO
126;13670-INFO-EMP-LINKEDIN-FR-1586967443.html;LINKEDIN;2023-04-18 21:00:36;2023-04-30 17:27:31;2023-04-30 20:46:44;150153 KO
127;13671-INFO-EMP-LINKEDIN-FR-1599275657.html;LINKEDIN;2023-04-18 21:00:37;2023-04-30 17:27:31;2023-04-30 20:46:44;145824 KO
128;13672-INFO-EMP-LINKEDIN-FR-1638767811.html;LINKEDIN;2023-04-18 21:00:37;2023-04-30 17:27:31;2023-04-30 20:46:44;31218 KO
129;13673-INFO-EMP-LINKEDIN-FR-1646315355.html;LINKEDIN;2023-04-18 21:00:37;2023-04-30 17:27:31;2023-04-30 20:46:44;142393 KO
130;13674-INFO-EMP-LINKEDIN-FR-1638331547.html;LINKEDIN;2023-04-18 21:00:36;2023-04-30 17:27:31;2023-04-30 20:46:44;31751 KO
131;13675-INFO-EMP-LINKEDIN-FR-1616503045.html;LINKEDIN;2023-04-18 21:00:38;2023-04-30 17:27:31;2023-04-30 20:46:44;153440 KO
132;13676-INFO-EMP-LINKEDIN-FR-1604826770.html;LINKEDIN;2023-04-18 21:00:38;2023-04-30 17:27:31;2023-04-30 20:46:44;81749 KO
133;13677-INFO-EMP-LINKEDIN-FR-1631668386.html;LINKEDIN;2023-04-18 21:00:38;2023-04-30 17:27:31;2023-04-30 20:46:44;152376 KO
134;13678-INFO-EMP-LINKEDIN-FR-1550925972.html;LINKEDIN;2023-04-18 21:00:37;2023-04-30 17:27:31;2023-04-30 20:46:44;157500 KO
135;13679-INFO-EMP-LINKEDIN-FR-1611009058.html;LINKEDIN;2023-04-18 21:00:36;2023-04-30 17:27:31;2023-04-30 20:46:44;136378 KO
136;13680-INFO-EMP-LINKEDIN-FR-1595462315.html;LINKEDIN;2023-04-18 21:00:38;2023-04-30 17:27:31;2023-04-30 20:46:44;202297 KO
137;13681-INFO-EMP-LINKEDIN-FR-1637893990.html;LINKEDIN;2023-04-18 21:00:37;2023-04-30 17:27:31;2023-04-30 20:46:44;124064 KO
138;13682-INFO-EMP-LINKEDIN-FR-1569854100.html;LINKEDIN;2023-04-18 21:00:37;2023-04-30 17:27:31;2023-04-30 20:46:44;112900 KO
139;13683-INFO-EMP-LINKEDIN-FR-1640409256.html;LINKEDIN;2023-04-18 21:00:36;2023-04-30 17:27:31;2023-04-30 20:46:44;130751 KO
140;13684-INFO-EMP-LINKEDIN-FR-1616553459.html;LINKEDIN;2023-04-18 21:00:38;2023-04-30 17:27:31;2023-04-30 20:46:44;128221 KO
141;13685-INFO-EMP-LINKEDIN-FR-1638878911.html;LINKEDIN;2023-04-18 21:00:37;2023-04-30 17:27:31;2023-04-30 20:46:44;135729 KO
142;13686-INFO-EMP-LINKEDIN-FR-1639152129.html;LINKEDIN;2023-04-18 21:00:38;2023-04-30 17:27:31;2023-04-30 20:46:44;138330 KO
143;13687-INFO-EMP-LINKEDIN-FR-1642799834.html;LINKEDIN;2023-04-18 21:00:37;2023-04-30 17:27:31;2023-04-30 20:46:44;138089 KO
144;13688-INFO-EMP-LINKEDIN-FR-1605305598.html;LINKEDIN;2023-04-18 21:00:38;2023-04-30 17:27:31;2023-04-30 20:46:44;188176 KO
145;13689-INFO-EMP-LINKEDIN-FR-1609097045.html;LINKEDIN;2023-04-18 21:00:37;2023-04-30 17:27:32;2023-04-30 20:46:44;199433 KO
146;13690-INFO-EMP-LINKEDIN-FR-1551287155.html;LINKEDIN;2023-04-18 21:00:37;2023-04-30 17:27:32;2023-04-30 20:46:44;145390 KO
147;13691-INFO-EMP-LINKEDIN-FR-1640196760.html;LINKEDIN;2023-04-18 21:00:38;2023-04-30 17:27:32;2023-04-30 20:46:45;138056 KO
148;13692-INFO-EMP-LINKEDIN-FR-1538113645.html;LINKEDIN;2023-04-18 21:00:37;2023-04-30 17:27:32;2023-04-30 20:46:45;178724 KO
149;13693-INFO-EMP-LINKEDIN-FR-1573124115.html;LINKEDIN;2023-04-18 21:00:37;2023-04-30 17:27:32;2023-04-30 20:46:45;169030 KO
150;13694-INFO-EMP-LINKEDIN-FR-1607883489.html;LINKEDIN;2023-04-18 21:00:37;2023-04-30 17:27:32;2023-04-30 20:46:45;101027 KO
151;13695-INFO-EMP-LINKEDIN-FR-1584291041.html;LINKEDIN;2023-04-18 21:00:38;2023-04-30 17:27:32;2023-04-30 20:46:45;89218 KO
152;13696-INFO-EMP-LINKEDIN-FR-1569406855.html;LINKEDIN;2023-04-18 21:00:37;2023-04-30 17:27:32;2023-04-30 20:46:45;146872 KO
153;13697-INFO-EMP-LINKEDIN-FR-1640599739.html;LINKEDIN;2023-04-18 21:00:37;2023-04-30 17:27:32;2023-04-30 20:46:45;133072 KO
154;13698-INFO-EMP-LINKEDIN-FR-1596028650.html;LINKEDIN;2023-04-18 21:00:38;2023-04-30 17:27:32;2023-04-30 20:46:45;167290 KO
155;13699-INFO-EMP-LINKEDIN-FR-1613333804.html;LINKEDIN;2023-04-18 21:00:38;2023-04-30 17:27:32;2023-04-30 20:46:45;134953 KO
156;13700-INFO-EMP-LINKEDIN-FR-1607890296.html;LINKEDIN;2023-04-18 21:00:37;2023-04-30 17:27:32;2023-04-30 20:46:45;89239 KO
157;13701-INFO-EMP-LINKEDIN-FR-1562348530.html;LINKEDIN;2023-04-18 21:00:38;2023-04-30 17:27:32;2023-04-30 20:46:45;136428 KO
158;13702-INFO-EMP-LINKEDIN-FR-1181391775.html;LINKEDIN;2023-04-18 21:00:36;2023-04-30 17:27:32;2023-04-30 20:46:45;207501 KO
159;13703-INFO-EMP-LINKEDIN-FR-1638949709.html;LINKEDIN;2023-04-18 21:00:36;2023-04-30 17:27:32;2023-04-30 20:46:45;124079 KO
160;13704-INFO-EMP-LINKEDIN-FR-1646252993.html;LINKEDIN;2023-04-18 21:00:37;2023-04-30 17:27:32;2023-04-30 20:46:45;65423 KO
161;13705-INFO-EMP-LINKEDIN-FR-1602917662.html;LINKEDIN;2023-04-18 21:00:37;2023-04-30 17:27:32;2023-04-30 20:46:45;90507 KO
162;13706-INFO-EMP-LINKEDIN-FR-1640475021.html;LINKEDIN;2023-04-18 21:00:36;2023-04-30 17:27:32;2023-04-30 20:46:45;82073 KO
163;13707-INFO-EMP-LINKEDIN-FR-1451696009.html;LINKEDIN;2023-04-18 21:00:37;2023-04-30 17:27:32;2023-04-30 20:46:45;83735 KO
164;13708-INFO-EMP-LINKEDIN-FR-1575170312.html;LINKEDIN;2023-04-18 21:00:37;2023-04-30 17:27:32;2023-04-30 20:46:45;130310 KO
165;13709-INFO-EMP-LINKEDIN-FR-1606951136.html;LINKEDIN;2023-04-18 21:00:36;2023-04-30 17:27:32;2023-04-30 20:46:45;79894 KO
166;13710-INFO-EMP-LINKEDIN-FR-1640585826.html;LINKEDIN;2023-04-18 21:00:38;2023-04-30 17:27:32;2023-04-30 20:46:45;75583 KO
167;13711-INFO-EMP-LINKEDIN-FR-1573149650.html;LINKEDIN;2023-04-18 21:00:38;2023-04-30 17:27:32;2023-04-30 20:46:45;131302 KO
168;13712-INFO-EMP-LINKEDIN-FR-1599910885.html;LINKEDIN;2023-04-18 21:00:38;2023-04-30 17:27:32;2023-04-30 20:46:45;177941 KO
169;13713-INFO-EMP-LINKEDIN-FR-1622737346.html;LINKEDIN;2023-04-18 21:00:37;2023-04-30 17:27:32;2023-04-30 20:46:45;116726 KO
170;13714-INFO-EMP-LINKEDIN-FR-1640739685.html;LINKEDIN;2023-04-18 21:00:36;2023-04-30 17:27:32;2023-04-30 20:46:45;78067 KO
171;13715-INFO-EMP-LINKEDIN-FR-1497554899.html;LINKEDIN;2023-04-18 21:00:37;2023-04-30 17:27:32;2023-04-30 20:46:45;83487 KO
172;13716-INFO-EMP-LINKEDIN-FR-1590167782.html;LINKEDIN;2023-04-18 21:00:37;2023-04-30 17:27:32;2023-04-30 20:46:45;122904 KO
173;13717-INFO-EMP-LINKEDIN-FR-1564431808.html;LINKEDIN;2023-04-18 21:00:37;2023-04-30 17:27:32;2023-04-30 20:46:45;83318 KO
174;13718-INFO-EMP-LINKEDIN-FR-1418691215.html;LINKEDIN;2023-04-18 21:00:36;2023-04-30 17:27:32;2023-04-30 20:46:45;134768 KO
175;13719-INFO-EMP-LINKEDIN-FR-1599912507.html;LINKEDIN;2023-04-18 21:00:36;2023-04-30 17:27:32;2023-04-30 20:46:45;178551 KO
176;13720-INFO-EMP-LINKEDIN-FR-1566353655.html;LINKEDIN;2023-04-18 21:00:37;2023-04-30 17:27:32;2023-04-30 20:46:45;199332 KO
177;13721-INFO-EMP-LINKEDIN-FR-1618418909.html;LINKEDIN;2023-04-18 21:00:38;2023-04-30 17:27:32;2023-04-30 20:46:45;89422 KO
178;13722-INFO-EMP-LINKEDIN-FR-1582179705.html;LINKEDIN;2023-04-18 21:00:36;2023-04-30 17:27:32;2023-04-30 20:46:45;213870 KO
179;13723-INFO-EMP-LINKEDIN-FR-1486245080.html;LINKEDIN;2023-04-18 21:00:37;2023-04-30 17:27:32;2023-04-30 20:46:45;143584 KO
180;13724-INFO-EMP-LINKEDIN-FR-1573136793.html;LINKEDIN;2023-04-18 21:00:37;2023-04-30 17:27:32;2023-04-30 20:46:45;144358 KO
181;13725-INFO-EMP-LINKEDIN-FR-1602840347.html;LINKEDIN;2023-04-18 21:00:38;2023-04-30 17:27:33;2023-04-30 20:46:45;146501 KO
182;13726-INFO-EMP-LINKEDIN-FR-1610898392.html;LINKEDIN;2023-04-18 21:00:37;2023-04-30 17:27:33;2023-04-30 20:46:45;80252 KO
183;13727-INFO-EMP-LINKEDIN-FR-1607894233.html;LINKEDIN;2023-04-18 21:00:38;2023-04-30 17:27:33;2023-04-30 20:46:45;102838 KO
184;13728-INFO-EMP-LINKEDIN-FR-1637398350.html;LINKEDIN;2023-04-18 21:00:38;2023-04-30 17:27:33;2023-04-30 20:46:45;83118 KO
185;13729-INFO-EMP-LINKEDIN-FR-1451239102.html;LINKEDIN;2023-04-18 21:00:36;2023-04-30 17:27:33;2023-04-30 20:46:45;80388 KO
186;13730-INFO-EMP-LINKEDIN-FR-1635559697.html;LINKEDIN;2023-04-18 21:00:37;2023-04-30 17:27:33;2023-04-30 20:46:45;212354 KO
187;13731-INFO-EMP-LINKEDIN-FR-1602844051.html;LINKEDIN;2023-04-18 21:00:37;2023-04-30 17:27:33;2023-04-30 20:46:45;132304 KO
188;13732-INFO-EMP-LINKEDIN-FR-1644730945.html;LINKEDIN;2023-04-18 21:00:38;2023-04-30 17:27:33;2023-04-30 20:46:45;93494 KO
189;13733-INFO-EMP-LINKEDIN-FR-1627370281.html;LINKEDIN;2023-04-18 21:00:37;2023-04-30 17:27:33;2023-04-30 20:46:45;90554 KO
190;13734-INFO-EMP-LINKEDIN-FR-1625731515.html;LINKEDIN;2023-04-18 21:00:37;2023-04-30 17:27:33;2023-04-30 20:46:45;159932 KO
191;13735-INFO-EMP-LINKEDIN-FR-1619981567.html;LINKEDIN;2023-04-18 21:00:38;2023-04-30 17:27:33;2023-04-30 20:46:45;88624 KO
192;13736-INFO-EMP-LINKEDIN-FR-1559612050.html;LINKEDIN;2023-04-18 21:00:38;2023-04-30 17:27:33;2023-04-30 20:46:45;211657 KO
193;13737-INFO-EMP-LINKEDIN-FR-1569461835.html;LINKEDIN;2023-04-18 21:00:38;2023-04-30 17:27:33;2023-04-30 20:46:45;206113 KO
194;13738-INFO-EMP-LINKEDIN-FR-1609503176.html;LINKEDIN;2023-04-18 21:00:38;2023-04-30 17:27:33;2023-04-30 20:46:45;106121 KO
195;13739-INFO-EMP-LINKEDIN-FR-1596039881.html;LINKEDIN;2023-04-18 21:00:37;2023-04-30 17:27:33;2023-04-30 20:46:45;89845 KO
196;13740-INFO-EMP-LINKEDIN-FR-1442551628.html;LINKEDIN;2023-04-18 21:00:37;2023-04-30 17:27:33;2023-04-30 20:46:45;88702 KO
197;13741-INFO-EMP-LINKEDIN-FR-1464692595.html;LINKEDIN;2023-04-18 21:00:37;2023-04-30 17:27:33;2023-04-30 20:46:45;142751 KO
198;13742-INFO-EMP-LINKEDIN-FR-1602836742.html;LINKEDIN;2023-04-18 21:00:38;2023-04-30 17:27:33;2023-04-30 20:46:45;151066 KO
199;13743-INFO-EMP-LINKEDIN-FR-1644551818.html;LINKEDIN;2023-04-18 21:00:38;2023-04-30 17:27:33;2023-04-30 20:46:45;133661 KO
200;13744-INFO-EMP-LINKEDIN-FR-1604783346.html;LINKEDIN;2023-04-18 21:00:38;2023-04-30 17:27:33;2023-04-30 20:46:45;126514 KO
201;13745-INFO-EMP-LINKEDIN-FR-1602072235.html;LINKEDIN;2023-04-18 21:00:38;2023-04-30 17:27:33;2023-04-30 20:46:45;135556 KO
202;13746-INFO-EMP-LINKEDIN-FR-1596475157.html;LINKEDIN;2023-04-18 21:00:36;2023-04-30 17:27:33;2023-04-30 20:46:45;132165 KO
203;13747-INFO-EMP-LINKEDIN-FR-1555920154.html;LINKEDIN;2023-04-18 21:00:36;2023-04-30 17:27:33;2023-04-30 20:46:45;190249 KO
204;13748-INFO-EMP-LINKEDIN-FR-1647569045.html;LINKEDIN;2023-04-18 21:00:38;2023-04-30 17:27:33;2023-04-30 20:46:45;41509 KO
205;13749-INFO-EMP-LINKEDIN-FR-1616553459.html;LINKEDIN;2023-04-18 21:00:38;2023-04-30 17:27:33;2023-04-30 20:46:45;128218 KO
206;13750-INFO-EMP-LINKEDIN-FR-1607857216.html;LINKEDIN;2023-04-18 21:00:37;2023-04-30 17:27:33;2023-04-30 20:46:45;93750 KO
207;13751-INFO-EMP-LINKEDIN-FR-1609505290.html;LINKEDIN;2023-04-18 21:00:38;2023-04-30 17:27:33;2023-04-30 20:46:45;44546 KO
208;13752-INFO-EMP-LINKEDIN-FR-1640458611.html;LINKEDIN;2023-04-18 21:00:37;2023-04-30 17:27:33;2023-04-30 20:46:45;88708 KO
209;13753-INFO-EMP-LINKEDIN-FR-1640316475.html;LINKEDIN;2023-04-18 21:00:37;2023-04-30 17:27:33;2023-04-30 20:46:45;99955 KO
210;13754-INFO-EMP-LINKEDIN-FR-1632460128.html;LINKEDIN;2023-04-18 21:00:37;2023-04-30 17:27:33;2023-04-30 20:46:45;88259 KO
211;13755-INFO-EMP-LINKEDIN-FR-1643560284.html;LINKEDIN;2023-04-18 21:00:38;2023-04-30 17:27:33;2023-04-30 20:46:45;44933 KO
212;13756-INFO-EMP-LINKEDIN-FR-1602637167.html;LINKEDIN;2023-04-18 21:00:36;2023-04-30 17:27:33;2023-04-30 20:46:45;143655 KO
213;13757-INFO-EMP-LINKEDIN-FR-1601610594.html;LINKEDIN;2023-04-18 21:00:38;2023-04-30 17:27:33;2023-04-30 20:46:45;155862 KO
214;13758-INFO-EMP-LINKEDIN-FR-1633314397.html;LINKEDIN;2023-04-18 21:00:38;2023-04-30 17:27:33;2023-04-30 20:46:45;154296 KO
215;13759-INFO-EMP-LINKEDIN-FR-1481280755.html;LINKEDIN;2023-04-18 21:00:38;2023-04-30 17:27:33;2023-04-30 20:46:45;205724 KO
216;13760-INFO-EMP-LINKEDIN-FR-1645146997.html;LINKEDIN;2023-04-18 21:00:36;2023-04-30 17:27:33;2023-04-30 20:46:45;83937 KO
217;13761-INFO-EMP-LINKEDIN-FR-1599269631.html;LINKEDIN;2023-04-18 21:00:36;2023-04-30 17:27:33;2023-04-30 20:46:45;131906 KO
218;13762-INFO-EMP-LINKEDIN-FR-1646215303.html;LINKEDIN;2023-04-18 21:00:37;2023-04-30 17:27:33;2023-04-30 20:46:45;36460 KO
219;13763-INFO-EMP-LINKEDIN-FR-1638827538.html;LINKEDIN;2023-04-18 21:00:38;2023-04-30 17:27:33;2023-04-30 20:46:45;148956 KO
220;13764-INFO-EMP-LINKEDIN-FR-1640496251.html;LINKEDIN;2023-04-18 21:00:36;2023-04-30 17:27:33;2023-04-30 20:46:45;138468 KO
221;13765-INFO-EMP-LINKEDIN-FR-1490382724.html;LINKEDIN;2023-04-18 21:00:38;2023-04-30 17:27:33;2023-04-30 20:46:45;160861 KO
222;13766-INFO-EMP-LINKEDIN-FR-1640390734.html;LINKEDIN;2023-04-18 21:00:37;2023-04-30 17:27:33;2023-04-30 20:46:45;144484 KO
223;13767-INFO-EMP-LINKEDIN-FR-1644723772.html;LINKEDIN;2023-04-18 21:00:37;2023-04-30 17:27:33;2023-04-30 20:46:45;88559 KO
224;13768-INFO-EMP-LINKEDIN-FR-1640419997.html;LINKEDIN;2023-04-18 21:00:36;2023-04-30 17:27:33;2023-04-30 20:46:45;154430 KO
225;13769-INFO-EMP-LINKEDIN-FR-1643470843.html;LINKEDIN;2023-04-18 21:00:36;2023-04-30 17:27:33;2023-04-30 20:46:45;148589 KO
226;13770-INFO-EMP-LINKEDIN-FR-1610806678.html;LINKEDIN;2023-04-18 21:00:38;2023-04-30 17:27:33;2023-04-30 20:46:45;143555 KO
227;13771-INFO-EMP-LINKEDIN-FR-1638315919.html;LINKEDIN;2023-04-18 21:00:38;2023-04-30 17:27:33;2023-04-30 20:46:45;130608 KO
228;13772-INFO-EMP-LINKEDIN-FR-1602703608.html;LINKEDIN;2023-04-18 21:00:38;2023-04-30 17:27:33;2023-04-30 20:46:45;74787 KO
229;13773-INFO-EMP-LINKEDIN-FR-1580555680.html;LINKEDIN;2023-04-18 21:00:37;2023-04-30 17:27:33;2023-04-30 20:46:45;127234 KO
230;13774-INFO-EMP-LINKEDIN-FR-1644139275.html;LINKEDIN;2023-04-18 21:00:37;2023-04-30 17:27:33;2023-04-30 20:46:45;33008 KO
231;13775-INFO-EMP-LINKEDIN-FR-1640475631.html;LINKEDIN;2023-04-18 21:00:38;2023-04-30 17:27:33;2023-04-30 20:46:45;134453 KO
232;13776-INFO-EMP-LINKEDIN-FR-1497554899.html;LINKEDIN;2023-04-18 21:00:38;2023-04-30 17:27:33;2023-04-30 20:46:45;83490 KO
233;13777-INFO-EMP-LINKEDIN-FR-1640423629.html;LINKEDIN;2023-04-18 21:00:37;2023-04-30 17:27:33;2023-04-30 20:46:45;89659 KO
234;13778-INFO-EMP-LINKEDIN-FR-1640448992.html;LINKEDIN;2023-04-18 21:00:37;2023-04-30 17:27:33;2023-04-30 20:46:45;77313 KO
235;13779-INFO-EMP-LINKEDIN-FR-1640213488.html;LINKEDIN;2023-04-18 21:00:37;2023-04-30 17:27:34;2023-04-30 20:46:45;123791 KO
236;13780-INFO-EMP-LINKEDIN-FR-1640291833.html;LINKEDIN;2023-04-18 21:00:37;2023-04-30 17:27:34;2023-04-30 20:46:45;78508 KO
237;13781-INFO-EMP-LINKEDIN-FR-1640425189.html;LINKEDIN;2023-04-18 21:00:37;2023-04-30 17:27:34;2023-04-30 20:46:45;74092 KO
238;13782-INFO-EMP-LINKEDIN-FR-1564431808.html;LINKEDIN;2023-04-18 21:00:36;2023-04-30 17:27:34;2023-04-30 20:46:45;83321 KO
239;13783-INFO-EMP-LINKEDIN-FR-1645584561.html;LINKEDIN;2023-04-18 21:00:37;2023-04-30 17:27:34;2023-04-30 20:46:45;84832 KO
240;13784-INFO-EMP-LINKEDIN-FR-1641913818.html;LINKEDIN;2023-04-18 21:00:37;2023-04-30 17:27:34;2023-04-30 20:46:45;77191 KO
241;13785-INFO-EMP-LINKEDIN-FR-1451404661.html;LINKEDIN;2023-04-18 21:00:37;2023-04-30 17:27:34;2023-04-30 20:46:45;80050 KO
242;13786-INFO-EMP-LINKEDIN-FR-1590048437.html;LINKEDIN;2023-04-18 21:00:37;2023-04-30 17:27:34;2023-04-30 20:46:45;122863 KO
243;13787-INFO-EMP-LINKEDIN-FR-1418691215.html;LINKEDIN;2023-04-18 21:00:36;2023-04-30 17:27:34;2023-04-30 20:46:45;134768 KO
244;13788-INFO-EMP-LINKEDIN-FR-1599912507.html;LINKEDIN;2023-04-18 21:00:37;2023-04-30 17:27:34;2023-04-30 20:46:45;179993 KO
245;13789-INFO-EMP-LINKEDIN-FR-1582115820.html;LINKEDIN;2023-04-18 21:00:37;2023-04-30 17:27:34;2023-04-30 20:46:45;194460 KO
246;13790-INFO-EMP-LINKEDIN-FR-1644124886.html;LINKEDIN;2023-04-18 21:00:38;2023-04-30 17:27:34;2023-04-30 20:46:45;132552 KO
247;13791-INFO-EMP-LINKEDIN-FR-1468925298.html;LINKEDIN;2023-04-18 21:00:37;2023-04-30 17:27:34;2023-04-30 20:46:45;198973 KO
248;13792-INFO-EMP-LINKEDIN-FR-1540456511.html;LINKEDIN;2023-04-18 21:00:38;2023-04-30 17:27:34;2023-04-30 20:46:45;136649 KO
249;13793-INFO-EMP-LINKEDIN-FR-1644761324.html;LINKEDIN;2023-04-18 21:00:38;2023-04-30 17:27:34;2023-04-30 20:46:45;88934 KO
250;13794-INFO-EMP-LINKEDIN-FR-1599956301.html;LINKEDIN;2023-04-18 21:00:38;2023-04-30 17:27:34;2023-04-30 20:46:45;139889 KO
251;13795-INFO-EMP-LINKEDIN-FR-1636557107.html;LINKEDIN;2023-04-18 21:00:37;2023-04-30 17:27:34;2023-04-30 20:46:45;146507 KO
252;13796-INFO-EMP-LINKEDIN-FR-1647505593.html;LINKEDIN;2023-04-18 21:00:37;2023-04-30 17:27:34;2023-04-30 20:46:45;36892 KO
253;13797-INFO-EMP-LINKEDIN-FR-1437107058.html;LINKEDIN;2023-04-18 21:00:38;2023-04-30 17:27:34;2023-04-30 20:46:45;215142 KO
254;13798-INFO-EMP-LINKEDIN-FR-1497591308.html;LINKEDIN;2023-04-18 21:00:37;2023-04-30 17:27:34;2023-04-30 20:46:45;210249 KO
255;13799-INFO-EMP-LINKEDIN-FR-1555991658.html;LINKEDIN;2023-04-18 21:00:38;2023-04-30 17:27:34;2023-04-30 20:46:45;209001 KO
256;Data_EMP.csv;2023-04-30 18:34:41;2023-04-30 18:49:46;2023-04-30 20:46:45;613393 KO
